{"cameraMode":{"drawMode":0,"name":"Shaded","section":"Shading Mode"},"sceneLighting":true,"audioPlay":false,"sceneViewState":{"showFog":true,"showMaterialUpdate":false,"showSkybox":true,"showFlares":true,"showImageEffects":true,"showParticleSystems":true},"in2DMode":false,"pivot":{"x":3.441498279571533,"y":0.18947800993919373,"z":-4.881643295288086},"rotation":{"x":0.6708571314811707,"y":0.003554773284122348,"z":-0.0027640669140964748,"w":0.7416661977767944},"size":18.29800796508789,"orthographic":false}