{"cameraMode":{"drawMode":0,"name":"Shaded","section":"Shading Mode"},"sceneLighting":true,"audioPlay":false,"sceneViewState":{"showFog":true,"showMaterialUpdate":false,"showSkybox":true,"showFlares":true,"showImageEffects":true,"showParticleSystems":true},"in2DMode":false,"pivot":{"x":4.112579822540283,"y":-1.9465084075927735,"z":1.533585548400879},"rotation":{"x":-0.1785862147808075,"y":-0.5648643970489502,"z":0.12679526209831239,"w":-0.7955885529518127},"size":7.210687160491943,"orthographic":false}