{"cameraMode":{"drawMode":0,"name":"Shaded","section":"Shading Mode"},"sceneLighting":false,"audioPlay":false,"sceneViewState":{"showFog":true,"showMaterialUpdate":false,"showSkybox":false,"showFlares":true,"showImageEffects":true,"showParticleSystems":true},"in2DMode":false,"pivot":{"x":-0.00999993085861206,"y":0.0,"z":0.7006850242614746},"rotation":{"x":-0.5409102439880371,"y":-0.025989364832639695,"z":0.016715124249458314,"w":-0.840541422367096},"size":1.8196039199829102,"orthographic":false}