{"cameraMode":{"drawMode":0,"name":"Shaded","section":"Shading Mode"},"sceneLighting":true,"audioPlay":false,"sceneViewState":{"showFog":true,"showMaterialUpdate":true,"showSkybox":true,"showFlares":true,"showImageEffects":true,"showParticleSystems":true},"in2DMode":false,"pivot":{"x":29.032625198364259,"y":0.24712778627872468,"z":14.040979385375977},"rotation":{"x":0.11533086746931076,"y":0.6214562654495239,"z":-0.09316815435886383,"w":0.7692954540252686},"size":1.4545269012451172,"orthographic":false}