{"cameraMode":{"drawMode":0,"name":"Shaded","section":"Shading Mode"},"sceneLighting":true,"audioPlay":false,"sceneViewState":{"showFog":true,"showMaterialUpdate":false,"showSkybox":true,"showFlares":true,"showImageEffects":true,"showParticleSystems":true},"in2DMode":false,"pivot":{"x":9.514373779296875,"y":-10.602188110351563,"z":-8.269905090332032},"rotation":{"x":-0.2733597755432129,"y":0.3554251790046692,"z":-0.10929763317108154,"w":-0.8872089982032776},"size":60.49773406982422,"orthographic":false}