{"cameraMode":{"drawMode":0,"name":"Shaded","section":"Shading Mode"},"sceneLighting":true,"audioPlay":false,"sceneViewState":{"showFog":true,"showMaterialUpdate":false,"showSkybox":true,"showFlares":true,"showImageEffects":true,"showParticleSystems":true},"in2DMode":false,"pivot":{"x":0.0018134117126464844,"y":1.0,"z":9.582459449768067},"rotation":{"x":-0.058018751442432407,"y":-0.5941205024719238,"z":0.04305358603596687,"w":-0.8011516332626343},"size":44.72196960449219,"orthographic":false}