{"cameraMode":{"drawMode":0,"name":"Shaded","section":"Shading Mode"},"sceneLighting":true,"audioPlay":false,"sceneViewState":{"showFog":true,"showMaterialUpdate":false,"showSkybox":true,"showFlares":true,"showImageEffects":true,"showParticleSystems":true},"in2DMode":false,"pivot":{"x":300.30999755859377,"y":299.1075134277344,"z":0.0},"rotation":{"x":0.023681221529841424,"y":-0.024893073365092279,"z":-0.0005892710760235786,"w":-0.99941486120224},"size":108.8207778930664,"orthographic":false}