{"cameraMode":{"drawMode":0,"name":"Shaded","section":"Shading Mode"},"sceneLighting":true,"audioPlay":false,"sceneViewState":{"showFog":true,"showMaterialUpdate":false,"showSkybox":true,"showFlares":true,"showImageEffects":true,"showParticleSystems":true},"in2DMode":false,"pivot":{"x":4.524679183959961,"y":6.113132476806641,"z":17.923505783081056},"rotation":{"x":-0.2654118537902832,"y":-0.22251811623573304,"z":0.06309614330530167,"w":-0.9359885454177856},"size":26.82708740234375,"orthographic":false}