{"cameraMode":{"drawMode":0,"name":"Shaded","section":"Shading Mode"},"sceneLighting":true,"audioPlay":false,"sceneViewState":{"showFog":true,"showMaterialUpdate":true,"showSkybox":true,"showFlares":true,"showImageEffects":true,"showParticleSystems":true},"in2DMode":false,"pivot":{"x":-2.3288350105285646,"y":0.18992382287979127,"z":-19.32684898376465},"rotation":{"x":-0.018742967396974565,"y":-0.9001296162605286,"z":0.4334908127784729,"w":-0.03891696780920029},"size":18.637775421142579,"orthographic":false}