{"cameraMode":{"drawMode":0,"name":"Shaded","section":"Shading Mode"},"sceneLighting":true,"audioPlay":false,"sceneViewState":{"showFog":true,"showMaterialUpdate":false,"showSkybox":true,"showFlares":true,"showImageEffects":true,"showParticleSystems":true},"in2DMode":false,"pivot":{"x":-3.9189367294311525,"y":7.277687072753906,"z":-2.1719741821289064},"rotation":{"x":-0.00032240277505479753,"y":-0.932579755783081,"z":0.3609731197357178,"w":-0.0008342568762600422},"size":72.72327423095703,"orthographic":false}